['TAAGAAGTATCTATCTAACGGTTTCGGTGG 11.444823', 'GAAGTATCTATCTAACGGTTTCGGTGGTGT 11.903654', 'CGGTTTCGGTGGTGTCTTATCTTTCGGTGT 11.381728', 'TAAAAGACTTACCAAATGCCGACAAGGAAA 11.872843', 'TTATGTTTTCGAAAACTCTAAGCATGGTTC 11.923518', 'TGGGTCAGTTTCCTTGTCGGCATTTGGTAA 11.392507', 'GTTTGAATGGGTCAGTTTCCTTGTCGGCAT 11.787766', 'GGAAACTGACCCATTCAAACTTTCTGGTGC 11.474699', 'ACTTGAGCACCAGAAAGTTTGAATGGGTCA 12.131364', 'AACTTGAGCACCAGAAAGTTTGAATGGGTC 11.848130', 'ACAATTTAAAGCTTGCCTCTAACTTGGCCA 11.589023', 'GCTTGCCTCTAACTTGGCCAATGTTGGTGA 11.885328', 'CATCACCAACATTGGCCAAGTTAGAGGCAA 11.785790', 'CTAAGGTCTTGGCATCACCAACATTGGCCA 11.861887', 'AGTATGGAGCAATGACTAAGGTCTTGGCAT 11.684016', 'TAGTGAAGTATGGAGCAATGACTAAGGTCT 12.017718', 'TAATTGTTTGTGGGTAGTGAAGTATGGAGC 11.898100', 'TTTCTTTGTCATTTAATTGTTTGTGGGTAG 11.874158', 'TTTTCTTTGTCATTTAATTGTTTGTGGGTA 11.249144', 'AACAATTAAATGACAAAGAAAAGTTGGCAT 11.823584', 'CTCTAAGCATGGTTCGCAATTGTTTGGTCT 11.642411', 'AAATGACAAAGAAAAGTTGGCATCTGGTGT 11.633360', 'AAAAGTTGGCATCTGGTGTTACCAAGGACT 11.970672', 'CAACAGAGACACGAATTAAGTCCTTGGTAA 12.008178', 'CAAGGACTTAATTCGTGTCTCTGTTGGTAT 11.750639', 'GCGAAAACAGTTTCAAAAGATTGCTGGAAG 11.582500', 'GCAATCTTTTGAAACTGTTTTCGCTGGCCA 11.628488', 'GCAATTGTTTGGTCTAGAAGTTCCAGGTTA 11.707477', 'TTTCGATACTGTTCAACTACACGCCGGCCA 12.773207', 'TTGGAAACGGGAATAGACGTAACCTGGAAC 11.729457', 'CATTACTGGTTGGGTTTTGGAAACGGGAAT 11.281453', 'ACATTACTGGTTGGGTTTTGGAAACGGGAA 11.274959', 'TCCAAAACATTACTGGTTGGGTTTTGGAAA 10.928312', 'TCCAAAACCCAACCAGTAATGTTTTGGAAG 11.531532', 'CTTTCTTCCAAAACATTACTGGTTGGGTTT 11.493125', 'TCTTTCTTCCAAAACATTACTGGTTGGGTT 12.062224', 'CAATTCTTTCTTCCAAAACATTACTGGTTG 11.598626', 'GGAAGAAAGAATTGCTGCTTTAGAAGGTGG 11.641403', 'AGAAAGAATTGCTGCTTTAGAAGGTGGTGC 12.010365', 'CTTTAGAAGGTGGTGCTGCTGCTTTGGCTG 11.483982', 'TGCTGCTGCTTTGGCTGTTTCCTCCGGTCA 11.809239', 'CAAGGGTTTGAGCGGCTTGACCGGAGGAAA 12.138766', 'TGGCAAGGGTTTGAGCGGCTTGACCGGAGG 11.693846', 'AACCTTGGATGGCAAGGGTTTGAGCGGCTT 11.936496', 'AGCCGCTCAAACCCTTGCCATCCAAGGTTT 11.871345', 'CTCAAACCCTTGCCATCCAAGGTTTGGCAC 11.499308', 'TGTGTGCCAAACCTTGGATGGCAAGGGTTT 11.520093', 'GTGTGTGCCAAACCTTGGATGGCAAGGGTT 11.675756', 'CACCAGTGTGTGCCAAACCTTGGATGGCAA 12.164042', 'TGCCATCCAAGGTTTGGCACACACTGGTGA 11.965064', 'TTGTCACCAGTGTGTGCCAAACCTTGGATG 11.817307', 'TAGTTGAACAGTATCGAAATGAGATGGCAT 12.478163', 'ACTACACGCCGGCCAAGAGAACCCTGGTGA 12.259432', 'CATCGTTTCCACTTCTTACTTATACGGTGG 11.706879', 'CGTTTCCACTTCTTACTTATACGGTGGTAC 12.426795', 'AAGTACCACCGTATAAGTAAGAAGTGGAAA 12.448767', 'CATTGTCACCAGGGTTCTCTTGGCCGGCGT 11.899955', 'AATCTTTTGAACGAGATTTTGAACTGGTTA 11.717313', 'GTTCAAAATCTCGTTCAAAAGATTTGGTAT 11.488803', 'TCTCGTTCAAAAGATTTGGTATCGAGGCTA 11.739024', 'TGGTATCGAGGCTAGATTTGTTGAAGGTGA 11.964140', 'TGAGCATTGTCACCAGGGTTCTCTTGGCCG 11.531390', 'GTGACAATCCAGAAGAATTCGAAAAGGTCT 12.029006', 'ATCAAAGACCTTTTCGAATTCTTCTGGATT 11.260285', 'AAAAGGTCTTTGATGAAAGAACCAAGGCTG 12.222459', 'ATGAAAGAACCAAGGCTGTTTATTTGGAAA 11.077167', 'CAATGGTTTCCAAATAAACAGCCTTGGTTC 11.815180', 'CAAGGCTGTTTATTTGGAAACCATTGGTAA 11.879340', 'GAACATTGTACTTTGGATTACCAATGGTTT 11.873325', 'CTGGATCTGTGAGCATTGTCACCAGGGTTC 12.205009', 'TTGGTAATCCAAAGTACAATGTTCCGGATT 11.782278', 'TTCAAAATCCGGAACATTGTACTTTGGATT 11.530150', 'TCTGGATCTGTGAGCATTGTCACCAGGGTT 11.930569', 'AATTGCAACAATTTTTTCAAAATCCGGAAC 11.174983', 'AATTGTTGCAATTGCTCACAAACACGGTAT 11.975231', 'ACCAAATGTGTTGTCAACGACAACTGGAAT 11.759882', 'TCCAGTTGTCGTTGACAACACATTTGGTGC 11.884297', 'TGTCGTTGACAACACATTTGGTGCCGGTGG 11.998335', 'CGTTGACAACACATTTGGTGCCGGTGGTTA 12.084343', 'TAATTGGCTGACAGAAGTAACCACCGGCAC 12.528743', 'TTACTTCTGTCAGCCAATTAAATACGGTGC 11.598316', 'TACAATATCAGCACCGTATTTAATTGGCTG 11.817166', 'ATTGTAACACATTCTGCTACCAAATGGATT 11.944165', 'AACACATTCTGCTACCAAATGGATTGGTGG 11.937255', 'ACATTCTGCTACCAAATGGATTGGTGGTCA 12.141744', 'TGCTACCAAATGGATTGGTGGTCATGGTAC 11.645359', 'TAGTACCATGACCACCAATCCATTTGGTAG 11.795255', 'GATTGGTGGTCATGGTACTACTATCGGTGG 11.637904', 'TGGTGGTCATGGTACTACTATCGGTGGTAT 12.322496', 'TATCGGTGGTATTATTGTTGACTCTGGTAA 11.825695', 'ATTGTTGACTCTGGTAAGTTCCCATGGAAG 11.907348', 'TTGACTCTGGTAAGTTCCCATGGAAGGACT 11.953484', 'AACTTTTCTGGGTAGTCCTTCCATGGGAAC 12.043339', 'GAACTTTTCTGGGTAGTCCTTCCATGGGAA 11.645283', 'TGAGAGAATTGAGGGAACTTTTCTGGGTAG 11.587386', 'TTGAGAGAATTGAGGGAACTTTTCTGGGTA 11.070530', 'TGGTGGCGTAAATTGGTACAGCTCTGGATC 11.676704', 'CCTTCGGCAGGTTGAGAGAATTGAGGGAAC 12.014158', 'TCCTTCGGCAGGTTGAGAGAATTGAGGGAA 12.107932', 'CCCTCAATTCTCTCAACCTGCCGAAGGATA 12.140827', 'CTCTCAACCTGCCGAAGGATATCACGGTAC 12.064242', 'GATAGTACCGTGATATCCTTCGGCAGGTTG 12.073795', 'TGTAGATAGTACCGTGATATCCTTCGGCAG 11.930302', 'CGGTACTATCTACAATGAAGCCTACGGTAA 12.274460', 'TCTACAATGAAGCCTACGGTAACTTGGCAT 11.679341', 'GAACGATGTATGCCAAGTTACCGTAGGCTT 12.372450', 'TTAGAACTGAACTATTAAGAGATTTGGGTC 11.366676', 'TAGAACTGAACTATTAAGAGATTTGGGTCC 11.762951', 'AACATAAGAAGTGGTGGCGTAAATTGGTAC 11.527725', 'GAAAGAGGCAAATGGGTTCATCAATGGACC 11.753315', 'TGTAGTAGCAAGAAAGAGGCAAATGGGTTC 12.046880', 'TTGTAGTAGCAAGAAAGAGGCAAATGGGTT 11.670497', 'ATTTGCCTCTTTCTTGCTACTACAAGGTGT 12.068840', 'CAACACCTTGTAGTAGCAAGAAAGAGGCAA 12.108935', 'ATTATCTTTGAGAGCTGAAAGACACGGTGA 12.417608', 'GAAAATGCATTGAAGTTAGCCAAATGGTTA 11.675312', 'AGTTTTCGAAAACATAAGAAGTGGTGGCGT 12.178355', 'CGTATGGGGATTGTTCTAACCATTTGGCTA 11.613415', 'TTAGAACAATCCCCATACGTATCTTGGGTT 11.213899', 'TAGAACAATCCCCATACGTATCTTGGGTTT 11.723795', 'GGTATGAAACCCAAGATACGTATGGGGATT 12.287952', 'GGGTATGAAACCCAAGATACGTATGGGGAT 11.940133', 'AGGGTATGAAACCCAAGATACGTATGGGGA 11.933579', 'TAGAGTTTTCGAAAACATAAGAAGTGGTGG 12.241548', 'ATACGTATCTTGGGTTTCATACCCTGGTTT 11.661420', 'TGATGAGAATGAGATGCTAAACCAGGGTAT 12.603123', 'ATGATGAGAATGAGATGCTAAACCAGGGTA 12.048864', 'AAATGCTAAGAAGTATCTATCTAACGGTTT 12.016454']
raw:0.0428772746353
guide.score:1000
guide.score:995.712272536
raw:0.467415725383
guide.score:1000
guide.score:953.258427462
raw:0.0259920864578
guide.score:1000
guide.score:997.400791354
raw:0.424005071094
guide.score:1000
guide.score:957.599492891
raw:0.495643275953
guide.score:1000
guide.score:950.435672405
raw:0.0284017041578
guide.score:1000
guide.score:997.159829584
raw:0.310267271137
guide.score:1000
guide.score:968.973272886
raw:0.053516322059
guide.score:1000
guide.score:994.648367794
raw:0.767421329374
guide.score:1000
guide.score:923.257867063
raw:0.389815804311
guide.score:1000
guide.score:961.018419569
raw:0.114308684538
guide.score:1000
guide.score:988.569131546
raw:0.441515078854
guide.score:1000
guide.score:955.848492115
raw:0.30778435004
guide.score:1000
guide.score:969.221564996
raw:0.40876090867
guide.score:1002
guide.score:961.123909133
raw:0.193484591101
guide.score:1000
guide.score:980.65154089
raw:0.627429165782
guide.score:1000
guide.score:937.257083422
raw:0.459546400475
guide.score:1000
guide.score:954.045359952
raw:0.425842905786
guide.score:1400
guide.score:1357.41570942
raw:0.00784306118495
guide.score:1000
guide.score:999.215693882
raw:0.356680953407
guide.score:1000
guide.score:964.331904659
raw:0.155407144469
guide.score:1000
guide.score:984.459285553
raw:0.147827588435
guide.score:1000
guide.score:985.217241157
raw:0.562479309314
guide.score:1001
guide.score:944.752069069
raw:0.614484579242
guide.score:1000
guide.score:938.551542076
raw:0.265162568218
guide.score:1000
guide.score:973.483743178
raw:0.109875033364
guide.score:1000
guide.score:989.012496664
raw:0.143851854663
guide.score:1000
guide.score:985.614814534
raw:0.217268639498
guide.score:1000
guide.score:978.27313605
raw:0.998734344004
guide.score:1000
guide.score:900.1265656
raw:0.241010014846
guide.score:1000
guide.score:975.898998515
raw:0.010698506125
guide.score:1000
guide.score:998.930149387
raw:0.0100609715916
guide.score:1000
guide.score:998.993902841
raw:0.000185134802615
guide.score:1000
guide.score:999.98148652
raw:0.0794212738712
guide.score:1000
guide.score:992.057872613
raw:0.0610574592393
guide.score:1001
guide.score:994.894254076
raw:0.685731410726
guide.score:1001
guide.score:932.426858927
raw:0.121065263506
guide.score:1000
guide.score:987.893473649
raw:0.154550549004
guide.score:1000
guide.score:984.5449451
raw:0.61746394217
guide.score:1000
guide.score:938.253605783
raw:0.0572177625347
guide.score:1600
guide.score:1594.27822375
raw:0.337788061598
guide.score:1000
guide.score:966.22119384
raw:0.775409429384
guide.score:1000
guide.score:922.459057062
raw:0.203250387743
guide.score:1000
guide.score:979.674961226
raw:0.514106182247
guide.score:1000
guide.score:948.589381775
raw:0.421913491043
guide.score:1000
guide.score:957.808650896
raw:0.0637662340453
guide.score:1003
guide.score:996.623376595
raw:0.0735608751681
guide.score:1002
guide.score:994.643912483
raw:0.185503984927
guide.score:1003
guide.score:984.449601507
raw:0.801482950715
guide.score:1001
guide.score:920.851704928
raw:0.554586063342
guide.score:1001
guide.score:945.541393666
raw:0.348367288168
guide.score:1001
guide.score:966.163271183
raw:0.975424042002
guide.score:1000
guide.score:902.4575958
raw:0.882415235379
guide.score:1000
guide.score:911.758476462
raw:0.216642172615
guide.score:1000
guide.score:978.335782738
raw:0.962793271551
guide.score:1000
guide.score:903.720672845
raw:0.968728606291
guide.score:1000
guide.score:903.127139371
raw:0.462173095807
guide.score:1000
guide.score:953.782690419
raw:0.227721964657
guide.score:1000
guide.score:977.227803534
raw:0.0592180076436
guide.score:1000
guide.score:994.078199236
raw:0.251768237577
guide.score:1000
guide.score:974.823176242
raw:0.553283370625
guide.score:1000
guide.score:944.671662938
raw:0.0793464200698
guide.score:1000
guide.score:992.065357993
raw:0.642560647303
guide.score:1000
guide.score:935.74393527
raw:0.00874119217353
guide.score:1000
guide.score:999.125880783
raw:0.854351284096
guide.score:1000
guide.score:914.56487159
raw:0.00122475548985
guide.score:1000
guide.score:999.877524451
raw:0.345566358388
guide.score:1001
guide.score:966.443364161
raw:0.433100554246
guide.score:1000
guide.score:956.689944575
raw:0.424678521239
guide.score:1001
guide.score:958.532147876
raw:0.839655414577
guide.score:1001
guide.score:917.034458542
raw:0.303393091821
guide.score:1000
guide.score:969.660690818
raw:0.0786950348545
guide.score:1000
guide.score:992.130496515
raw:0.505675614435
guide.score:1001
guide.score:950.432438557
raw:0.00367407752992
guide.score:1400
guide.score:1399.63259225
raw:0.56887796516
guide.score:1000
guide.score:943.112203484
raw:0.276074242719
guide.score:1003
guide.score:975.392575728
raw:0.440064293597
guide.score:1003
guide.score:958.99357064
raw:0.600994007325
guide.score:1001
guide.score:940.900599267
raw:0.713172322466
guide.score:1000
guide.score:928.682767753
raw:0.984129999927
guide.score:1000
guide.score:901.587000007
raw:0.120842853161
guide.score:1400
guide.score:1387.91571468
raw:0.348181354824
guide.score:1000
guide.score:965.181864518
raw:0.525004675453
guide.score:1400
guide.score:1347.49953245
raw:0.515185408131
guide.score:1000
guide.score:948.481459187
raw:0.778578791013
guide.score:1001
guide.score:923.142120899
raw:0.157930292183
guide.score:1002
guide.score:986.206970782
raw:0.319755469846
guide.score:1001
guide.score:969.024453015
raw:0.151601369082
guide.score:1000
guide.score:984.839863092
raw:0.921035448915
guide.score:1000
guide.score:907.896455109
raw:0.359492504827
guide.score:1000
guide.score:964.050749517
raw:0.472656915789
guide.score:1000
guide.score:952.734308421
raw:0.538222078761
guide.score:1400
guide.score:1346.17779212
raw:0.661452938341
guide.score:1000
guide.score:933.854706166
raw:0.15786490905
guide.score:1000
guide.score:984.213509095
raw:0.113184230448
guide.score:1000
guide.score:988.681576955
raw:0.0011321462316
guide.score:1000
guide.score:999.886785377
raw:0.186409400907
guide.score:1000
guide.score:981.359059909
raw:0.622614625667
guide.score:1000
guide.score:937.738537433
raw:0.741122085721
guide.score:1000
guide.score:925.887791428
raw:0.777605600572
guide.score:1000
guide.score:922.239439943
raw:0.688281185302
guide.score:1000
guide.score:931.17188147
raw:0.700227814657
guide.score:1000
guide.score:929.977218534
raw:0.505295745583
guide.score:1000
guide.score:949.470425442
raw:0.892650208095
guide.score:1000
guide.score:910.73497919
raw:0.188942311694
guide.score:1000
guide.score:981.105768831
raw:0.944109233835
guide.score:1000
guide.score:905.589076617
raw:0.0229153542822
guide.score:1000
guide.score:997.708464572
raw:0.279745441638
guide.score:1000
guide.score:972.025455836
raw:0.0774328799105
guide.score:1000
guide.score:992.256712009
raw:0.268299018597
guide.score:1000
guide.score:973.17009814
raw:0.666060590613
guide.score:1000
guide.score:933.393940939
raw:0.180530933428
guide.score:1000
guide.score:981.946906657
raw:0.694057077728
guide.score:1000
guide.score:930.594292227
raw:0.742278504534
guide.score:1000
guide.score:925.772149547
raw:0.960052578753
guide.score:1000
guide.score:903.994742125
raw:0.185080869483
guide.score:1400
guide.score:1381.49191305
raw:0.815401548812
guide.score:1000
guide.score:918.459845119
raw:0.132011745598
guide.score:1000
guide.score:986.79882544
raw:0.00551349462919
guide.score:1000
guide.score:999.448650537
raw:0.234762734215
guide.score:1000
guide.score:976.523726579
raw:0.901277747291
guide.score:1001
guide.score:910.872225271
raw:0.519276573457
guide.score:1001
guide.score:949.072342654
raw:0.509957593449
guide.score:1400
guide.score:1349.00424066
raw:0.869358184399
guide.score:1000
guide.score:913.06418156
raw:0.172146337031
guide.score:1001
guide.score:983.785366297
raw:0.992088067071
guide.score:1000
guide.score:900.791193293
raw:0.66863138338
guide.score:1000
guide.score:933.136861662
raw:0.625721968072
guide.score:1000
guide.score:937.427803193
Rank	Target sequence	Genomic location	Strand	GC content (%)	Self-complementarity	MM0	MM1	MM2	MM3	Efficiency
1	GATACTGTTCAACTACACGCCGG	NP_013406.1:16	+	45	0	1	0	0	0	99.87
2	GAGAATGAGATGCTAAACCAGGG	NP_013406.1:963	-	40	0	1	0	0	0	99.21
3	TGGCTGACAGAAGTAACCACCGG	NP_013406.1:563	-	50	0	1	0	0	0	98.41
4	TGAACAGTATCGAAATGAGATGG	NP_013406.1:4	-	35	0	1	0	0	0	97.54
5	ACCACCGTATAAGTAAGAAGTGG	NP_013406.1:317	-	40	0	1	0	0	0	96.87
6	TCCACTTCTTACTTATACGGTGG	NP_013406.1:316	+	40	0	1	0	0	0	96.28
7	TCTTTGAGAGCTGAAAGACACGG	NP_013406.1:877	+	40	0	1	0	0	0	96.01
8	GATGTATGCCAAGTTACCGTAGG	NP_013406.1:764	-	45	0	1	0	0	0	94.41
9	GGTCATGGTACTACTATCGGTGG	NP_013406.1:637	+	50	0	1	0	0	0	92.10
10	ACTATCTACAATGAAGCCTACGG	NP_013406.1:748	+	35	0	1	0	0	0	89.27
11	TGAAACCCAAGATACGTATGGGG	NP_013406.1:938	-	40	1	1	0	0	0	90.13
12	CACGCCGGCCAAGAGAACCCTGG	NP_013406.1:31	+	70	0	1	0	0	0	88.24
13	GTTTTCGAAAACATAAGAAGTGG	NP_013406.1:95	-	30	0	1	0	0	0	86.94
14	GGTCTTTGATGAAAGAACCAAGG	NP_013406.1:426	+	40	0	1	0	0	0	85.44
15	ATCTGTGAGCATTGTCACCAGGG	NP_013406.1:48	-	45	1	1	0	0	0	83.97
16	TTCGAAAACATAAGAAGTGGTGG	NP_013406.1:92	-	35	0	1	0	0	0	81.54
17	AGTGTGTGCCAAACCTTGGATGG	NP_013406.1:278	-	50	1	1	0	0	0	80.15
18	CAATTCTCTCAACCTGCCGAAGG	NP_013406.1:715	+	50	0	1	0	0	0	77.76
19	GGTTTGAGCGGCTTGACCGGAGG	NP_013406.1:251	-	65	0	1	0	0	0	77.54
20	TCTGCTACCAAATGGATTGGTGG	NP_013406.1:616	+	45	1	1	0	0	0	77.86
21	GAGCACCAGAAAGTTTGAATGGG	NP_013406.1:1080	-	40	0	1	0	0	0	76.74
22	ACCTTGTAGTAGCAAGAAAGAGG	NP_013406.1:842	-	40	0	1	0	0	0	74.23
23	TCGGCAGGTTGAGAGAATTGAGG	NP_013406.1:712	-	50	0	1	0	0	0	74.11
24	GACAACACATTTGGTGCCGGTGG	NP_013406.1:547	+	55	0	1	0	0	0	71.32
25	GTACCGTGATATCCTTCGGCAGG	NP_013406.1:727	-	55	0	1	0	0	0	70.02
26	GCCTCTTTCTTGCTACTACAAGG	NP_013406.1:841	+	45	0	1	0	0	0	69.41
27	CAACCTGCCGAAGGATATCACGG	NP_013406.1:724	+	50	0	1	0	0	0	68.83
28	TCTTCCAAAACATTACTGGTTGG	NP_013406.1:184	-	35	1	1	0	0	0	68.57
29	TGAGAATGAGATGCTAAACCAGG	NP_013406.1:964	-	40	0	1	0	0	0	66.86
30	GTAGCAAGAAAGAGGCAAATGGG	NP_013406.1:834	-	40	0	1	0	0	0	66.61
31	TTTCTGGGTAGTCCTTCCATGGG	NP_013406.1:684	-	45	0	1	0	0	0	66.15
32	CAATCCAGAAGAATTCGAAAAGG	NP_013406.1:405	+	35	0	1	0	0	0	64.26
33	GAAGTATGGAGCAATGACTAAGG	NP_013406.1:1160	-	40	0	1	0	0	0	62.74
34	GCTAAGAAGTATCTATCTAACGG	NP_013406.1:997	+	30	0	1	0	0	0	62.57
35	CGGCAGGTTGAGAGAATTGAGGG	NP_013406.1:711	-	50	0	1	0	0	0	62.26
36	AGAATTGCTGCTTTAGAAGGTGG	NP_013406.1:208	+	40	0	1	0	0	0	61.75
37	AGAGACACGAATTAAGTCCTTGG	NP_013406.1:1232	-	40	0	1	0	0	0	61.45
38	GTTGACAACACATTTGGTGCCGG	NP_013406.1:544	+	45	1	1	0	0	0	60.10
39	GTTGCAATTGCTCACAAACACGG	NP_013406.1:508	+	40	0	1	0	0	0	56.89
40	ATCGAGGCTAGATTTGTTGAAGG	NP_013406.1:379	+	40	0	1	0	0	0	55.33
41	GTTGGCATCTGGTGTTACCAAGG	NP_013406.1:1215	+	50	1	1	0	0	0	56.25
42	ATCCAAGGTTTGGCACACACTGG	NP_013406.1:280	+	50	1	1	0	0	0	55.46
43	CATTCTGCTACCAAATGGATTGG	NP_013406.1:613	+	40	0	1	0	0	0	51.52
44	TTGGATGGCAAGGGTTTGAGCGG	NP_013406.1:263	-	50	0	1	0	0	0	51.41
45	ATGAAACCCAAGATACGTATGGG	NP_013406.1:939	-	35	1	1	0	0	0	51.93
46	GATAGTACCGTGATATCCTTCGG	NP_013406.1:731	-	40	0	1	0	0	0	50.53
47	GATCTGTGAGCATTGTCACCAGG	NP_013406.1:49	-	50	1	1	0	0	0	50.57
48	GTTTTCGAAAACTCTAAGCATGG	NP_013406.1:106	+	35	0	1	0	0	0	49.56
49	TTGACTCTGGTAAGTTCCCATGG	NP_013406.1:668	+	45	0	1	0	0	0	47.27
50	TATCTATCTAACGGTTTCGGTGG	NP_013406.1:1006	+	40	0	1	0	0	0	46.74
51	GTCACCAGGGTTCTCTTGGCCGG	NP_013406.1:35	-	60	0	1	0	0	0	46.22
52	TGTTTGTGGGTAGTGAAGTATGG	NP_013406.1:1174	-	40	0	1	0	0	0	45.95
53	GCCTCTAACTTGGCCAATGTTGG	NP_013406.1:1126	+	50	0	1	0	0	0	44.15
54	GCTGTTTATTTGGAAACCATTGG	NP_013406.1:448	+	35	0	1	0	0	0	43.31
55	AGACTTACCAAATGCCGACAAGG	NP_013406.1:1050	+	45	0	1	0	0	0	42.40
56	GCTCAAACCCTTGCCATCCAAGG	NP_013406.1:265	+	55	0	1	0	0	0	42.19
57	ATTGTACTTTGGATTACCAATGG	NP_013406.1:464	-	30	1	1	0	0	0	42.47
58	GTTGTCGTTGACAACACATTTGG	NP_013406.1:538	+	40	3	1	0	0	0	44.01
59	TGAGCACCAGAAAGTTTGAATGG	NP_013406.1:1081	-	40	0	1	0	0	0	38.98
60	GGTCTTGGCATCACCAACATTGG	NP_013406.1:1139	-	50	2	1	0	0	0	40.88
61	GGTGGTATTATTGTTGACTCTGG	NP_013406.1:655	+	40	0	1	0	0	0	35.95
62	ATTAAATGACAAAGAAAAGTTGG	NP_013406.1:1197	+	20	0	1	0	0	0	35.67
63	ATATCAGCACCGTATTTAATTGG	NP_013406.1:583	-	30	0	1	0	0	0	34.82
64	CACCAGTGTGTGCCAAACCTTGG	NP_013406.1:282	-	55	1	1	0	0	0	34.84
65	GCTGCTTTGGCTGTTTCCTCCGG	NP_013406.1:235	+	55	0	1	0	0	0	33.78
66	GGTTTCCAAATAAACAGCCTTGG	NP_013406.1:443	-	40	1	1	0	0	0	34.56
67	GAATGGGTCAGTTTCCTTGTCGG	NP_013406.1:1064	-	45	0	1	0	0	0	31.03
68	ACCATGACCACCAATCCATTTGG	NP_013406.1:623	-	45	1	1	0	0	0	31.98
69	ACCAACATTGGCCAAGTTAGAGG	NP_013406.1:1127	-	45	0	1	0	0	0	30.78
70	TAATCCAAAGTACAATGTTCCGG	NP_013406.1:471	+	30	0	1	0	0	0	30.34
71	ACTGAACTATTAAGAGATTTGGG	NP_013406.1:799	+	25	0	1	0	0	0	27.97
72	GAGGCAAATGGGTTCATCAATGG	NP_013406.1:823	-	45	0	1	0	0	0	26.83
73	GACTTAATTCGTGTCTCTGTTGG	NP_013406.1:1237	+	40	0	1	0	0	0	26.52
74	GTTCAAAAGATTTGGTATCGAGG	NP_013406.1:363	+	35	0	1	0	0	0	25.18
75	AATGTGTTGTCAACGACAACTGG	NP_013406.1:535	-	40	3	1	0	0	0	27.61
76	AAACGGGAATAGACGTAACCTGG	NP_013406.1:154	-	45	0	1	0	0	0	24.10
77	ACAATCCCCATACGTATCTTGGG	NP_013406.1:933	+	40	0	1	0	0	0	23.48
78	TTTTGAACGAGATTTTGAACTGG	NP_013406.1:348	-	30	0	1	0	0	0	22.77
79	TTGTTTGGTCTAGAAGTTCCAGG	NP_013406.1:136	+	40	0	1	0	0	0	21.73
80	GTTTCCACTTCTTACTTATACGG	NP_013406.1:313	+	30	0	1	0	0	0	21.66
81	AAGGGTTTGAGCGGCTTGACCGG	NP_013406.1:254	-	55	0	1	0	0	0	20.33
82	TGGAGCAATGACTAAGGTCTTGG	NP_013406.1:1154	-	45	0	1	0	0	0	19.35
83	CAATGAAGCCTACGGTAACTTGG	NP_013406.1:756	+	45	0	1	0	0	0	18.89
84	GGCGTAAATTGGTACAGCTCTGG	NP_013406.1:71	-	50	0	1	0	0	0	18.64
85	AGTAGCAAGAAAGAGGCAAATGG	NP_013406.1:835	-	40	0	1	0	0	0	18.05
86	GTATCTTGGGTTTCATACCCTGG	NP_013406.1:946	+	45	1	1	0	0	0	17.21
87	TTTTCTGGGTAGTCCTTCCATGG	NP_013406.1:685	-	45	0	1	0	0	0	15.79
88	GTGCCAAACCTTGGATGGCAAGG	NP_013406.1:273	-	55	3	1	0	0	0	18.55
89	AAGCATGGTTCGCAATTGTTTGG	NP_013406.1:121	+	40	0	1	0	0	0	15.54
90	GAAAGAATTGCTGCTTTAGAAGG	NP_013406.1:205	+	35	0	1	0	0	0	15.46
91	GGTGGTCATGGTACTACTATCGG	NP_013406.1:634	+	45	0	1	0	0	0	15.16
92	GACAAAGAAAAGTTGGCATCTGG	NP_013406.1:1204	+	40	0	1	0	0	0	14.78
93	TCTTTTGAAACTGTTTTCGCTGG	NP_013406.1:1300	+	35	0	1	0	0	0	14.39
94	ACCAAATGGATTGGTGGTCATGG	NP_013406.1:622	+	45	2	1	0	0	0	15.79
95	TGGGGATTGTTCTAACCATTTGG	NP_013406.1:920	-	40	0	1	0	0	0	13.20
96	TCTTTCTTCCAAAACATTACTGG	NP_013406.1:188	-	30	0	1	0	0	0	12.11
97	TTTAAAGCTTGCCTCTAACTTGG	NP_013406.1:1116	+	35	0	1	0	0	0	11.43
98	AGAATTGAGGGAACTTTTCTGGG	NP_013406.1:699	-	35	0	1	0	0	0	11.32
99	AAACAGTTTCAAAAGATTGCTGG	NP_013406.1:1293	-	30	0	1	0	0	0	10.99
100	AAACCCAACCAGTAATGTTTTGG	NP_013406.1:180	+	35	0	1	0	0	0	7.94
101	CATTGTCACCAGGGTTCTCTTGG	NP_013406.1:39	-	50	0	1	0	0	0	7.93
102	AAATCCGGAACATTGTACTTTGG	NP_013406.1:475	-	35	0	1	0	0	0	7.87
103	TAAGAAGTGGTGGCGTAAATTGG	NP_013406.1:82	-	40	0	1	0	0	0	7.74
104	AAAATCTCGTTCAAAAGATTTGG	NP_013406.1:355	+	25	0	1	0	0	0	5.92
105	TGCCAAACCTTGGATGGCAAGGG	NP_013406.1:272	-	50	2	1	0	0	0	7.36
106	ACTGACCCATTCAAACTTTCTGG	NP_013406.1:1075	+	40	0	1	0	0	0	5.35
107	CTTCCAAAACATTACTGGTTGGG	NP_013406.1:183	-	35	1	1	0	0	0	6.11
108	AAGTATCTATCTAACGGTTTCGG	NP_013406.1:1003	+	30	0	1	0	0	0	4.29
109	AACCCTTGCCATCCAAGGTTTGG	NP_013406.1:270	+	50	3	1	0	0	0	6.38
110	TCAGTTTCCTTGTCGGCATTTGG	NP_013406.1:1057	-	45	0	1	0	0	0	2.84
111	TTCGGTGGTGTCTTATCTTTCGG	NP_013406.1:1021	+	40	0	1	0	0	0	2.60
112	AACTGAACTATTAAGAGATTTGG	NP_013406.1:798	+	25	0	1	0	0	0	2.29
113	ACTGGTTGGGTTTTGGAAACGGG	NP_013406.1:170	-	45	0	1	0	0	0	1.07
114	TACTGGTTGGGTTTTGGAAACGG	NP_013406.1:171	-	40	0	1	0	0	0	1.01
115	AAGACCTTTTCGAATTCTTCTGG	NP_013406.1:409	-	35	0	1	0	0	0	0.87
116	CTTTGTCATTTAATTGTTTGTGG	NP_013406.1:1188	-	25	0	1	0	0	0	0.78
117	AACAATCCCCATACGTATCTTGG	NP_013406.1:932	+	40	0	1	0	0	0	0.55
118	AAGAACCAAGGCTGTTTATTTGG	NP_013406.1:438	+	35	0	1	0	0	0	0.12
119	GAGAATTGAGGGAACTTTTCTGG	NP_013406.1:700	-	40	0	1	0	0	0	0.11
120	AAACATTACTGGTTGGGTTTTGG	NP_013406.1:177	-	35	0	1	0	0	0	0.02
121	CTCTGGTAAGTTCCCATGGAAGG	NP_013406.1:672	+	50	0	1	0	0	1	53.82
122	TAACACATTCTGCTACCAAATGG	NP_013406.1:608	+	35	0	1	0	0	1	52.50
123	TATGAAACCCAAGATACGTATGG	NP_013406.1:940	-	35	0	1	0	0	1	51.00
124	TTTGTCATTTAATTGTTTGTGGG	NP_013406.1:1187	-	20	0	1	0	0	1	42.58
125	ATGCATTGAAGTTAGCCAAATGG	NP_013406.1:905	+	35	0	1	0	0	1	18.51
126	TTCTGTCAGCCAATTAAATACGG	NP_013406.1:574	+	30	0	1	0	0	1	12.08
127	GCAACAATTTTTTCAAAATCCGG	NP_013406.1:490	-	25	0	1	0	0	1	0.37
128	AGAAGGTGGTGCTGCTGCTTTGG	NP_013406.1:222	+	55	0	1	0	1	0	5.72
